,Device Model,User ID,App Usage Time (min/day),Screen On Time (hours/day),Battery Drain (mAh/day),Number of Apps Installed,Data Usage (MB/day),Age,Rank
0,Samsung Galaxy S21,365.16541353383457,266.42105263157896,5.318045112781954,1504.5714285714287,50.80451127819549,931.8721804511279,39.11278195488722,1
1,Google Pixel 5,348.28169014084506,267.7887323943662,5.0760563380281685,1475.6760563380283,49.90845070422535,897.7042253521126,37.767605633802816,2
2,Xiaomi Mi 11,334.8767123287671,268.45205479452056,5.293150684931507,1528.876712328767,49.92465753424658,940.1643835616438,37.76712328767123,3
3,OnePlus 9,353.0375939849624,270.38345864661653,5.241353383458647,1523.8496240601503,49.96992481203007,911.1203007518797,38.8796992481203,4
4,iPhone 12,352.6095890410959,282.02054794520546,5.430821917808219,1589.513698630137,52.726027397260275,965.5068493150685,38.95890410958904,5
